<?xml version="1.0" encoding="utf-8"?>
<!--/14914377/817106/2.49/33/3/Integrated Circuit/-->
<quadcept_library>
  <setting unit="mil" />
  <textstyle name="Default" height="47.244094488189" strokewidth="7.8740157480315" charwidth="47.244094488189" />
  <textstyle name="Dimension" height="19.6850393700787" strokewidth="0" charwidth="19.6850393700787" />
  <textstyle name="H127W0635TH00762" height="50" strokewidth="3" charwidth="25" />
  <textstyle name="H15W15TH02" height="59.0551181102362" strokewidth="7.8740157480315" charwidth="59.0551181102362" />
  <padstyle name="r80_30" surface="True" plated="False" isvia="False" nopaste="False" nomask="True" complex="False" holesize="0">
    <padshape layer="TOP" shape="rectangle" width="11.811023622047" height="31.496062992126" />
    <padshape layer="TOP_SOLDER_PASTE" shape="rectangle" width="11.811023622047" height="31.496062992126" />
    <padshape layer="TOP_SOLDER_MASK" shape="rectangle" width="19.685039370078" height="39.370078740157" />
  </padstyle>
  <padstyle name="r375_375" surface="True" plated="False" isvia="False" nopaste="False" nomask="True" complex="False" holesize="0">
    <padshape layer="TOP" shape="rectangle" width="147.63779527559" height="147.63779527559" />
    <padshape layer="TOP_SOLDER_MASK" shape="rectangle" width="155.51181102362" height="155.51181102362" />
    <padshape layer="TOP_SOLDER_PASTE" shape="rectangle" width="147.63779527559" height="147.63779527559" />
  </padstyle>
  <footprint name="QFN50P500X500X90-33N" originx="0" originy="0" pickpointx="0" pickpointy="0">
    <pcbpin number="1" name="1" style="r80_30" originx="-98.425196850392" originy="68.897637795275" rotation="90" />
    <pcbpin number="2" name="2" style="r80_30" originx="-98.425196850392" originy="49.212598425196" rotation="90" />
    <pcbpin number="3" name="3" style="r80_30" originx="-98.425196850392" originy="29.527559055118" rotation="90" />
    <pcbpin number="4" name="4" style="r80_30" originx="-98.425196850392" originy="9.8425196850392" rotation="90" />
    <pcbpin number="5" name="5" style="r80_30" originx="-98.425196850392" originy="-9.8425196850392" rotation="90" />
    <pcbpin number="6" name="6" style="r80_30" originx="-98.425196850392" originy="-29.527559055118" rotation="90" />
    <pcbpin number="7" name="7" style="r80_30" originx="-98.425196850392" originy="-49.212598425196" rotation="90" />
    <pcbpin number="8" name="8" style="r80_30" originx="-98.425196850392" originy="-68.897637795275" rotation="90" />
    <pcbpin number="9" name="9" style="r80_30" originx="-68.897637795275" originy="-98.425196850392" rotation="0" />
    <pcbpin number="10" name="10" style="r80_30" originx="-49.212598425196" originy="-98.425196850392" rotation="0" />
    <pcbpin number="11" name="11" style="r80_30" originx="-29.527559055118" originy="-98.425196850392" rotation="0" />
    <pcbpin number="12" name="12" style="r80_30" originx="-9.8425196850392" originy="-98.425196850392" rotation="0" />
    <pcbpin number="13" name="13" style="r80_30" originx="9.8425196850392" originy="-98.425196850392" rotation="0" />
    <pcbpin number="14" name="14" style="r80_30" originx="29.527559055118" originy="-98.425196850392" rotation="0" />
    <pcbpin number="15" name="15" style="r80_30" originx="49.212598425196" originy="-98.425196850392" rotation="0" />
    <pcbpin number="16" name="16" style="r80_30" originx="68.897637795275" originy="-98.425196850392" rotation="0" />
    <pcbpin number="17" name="17" style="r80_30" originx="98.425196850392" originy="-68.897637795275" rotation="90" />
    <pcbpin number="18" name="18" style="r80_30" originx="98.425196850392" originy="-49.212598425196" rotation="90" />
    <pcbpin number="19" name="19" style="r80_30" originx="98.425196850392" originy="-29.527559055118" rotation="90" />
    <pcbpin number="20" name="20" style="r80_30" originx="98.425196850392" originy="-9.8425196850392" rotation="90" />
    <pcbpin number="21" name="21" style="r80_30" originx="98.425196850392" originy="9.8425196850392" rotation="90" />
    <pcbpin number="22" name="22" style="r80_30" originx="98.425196850392" originy="29.527559055118" rotation="90" />
    <pcbpin number="23" name="23" style="r80_30" originx="98.425196850392" originy="49.212598425196" rotation="90" />
    <pcbpin number="24" name="24" style="r80_30" originx="98.425196850392" originy="68.897637795275" rotation="90" />
    <pcbpin number="25" name="25" style="r80_30" originx="68.897637795275" originy="98.425196850392" rotation="0" />
    <pcbpin number="26" name="26" style="r80_30" originx="49.212598425196" originy="98.425196850392" rotation="0" />
    <pcbpin number="27" name="27" style="r80_30" originx="29.527559055118" originy="98.425196850392" rotation="0" />
    <pcbpin number="28" name="28" style="r80_30" originx="9.8425196850392" originy="98.425196850392" rotation="0" />
    <pcbpin number="29" name="29" style="r80_30" originx="-9.8425196850392" originy="98.425196850392" rotation="0" />
    <pcbpin number="30" name="30" style="r80_30" originx="-29.527559055118" originy="98.425196850392" rotation="0" />
    <pcbpin number="31" name="31" style="r80_30" originx="-49.212598425196" originy="98.425196850392" rotation="0" />
    <pcbpin number="32" name="32" style="r80_30" originx="-68.897637795275" originy="98.425196850392" rotation="0" />
    <pcbpin number="33" name="33" style="r375_375" originx="0" originy="0" rotation="0" />
    <line layer="TOP_PLACE_BOUND" originx="-123.03149606299" originy="123.03149606299" endx="123.03149606299" endy="123.03149606299" width="1.9685039370079" />
    <line layer="TOP_PLACE_BOUND" originx="123.03149606299" originy="123.03149606299" endx="123.03149606299" endy="-123.03149606299" width="1.9685039370079" />
    <line layer="TOP_PLACE_BOUND" originx="123.03149606299" originy="-123.03149606299" endx="-123.03149606299" endy="-123.03149606299" width="1.9685039370079" />
    <line layer="TOP_PLACE_BOUND" originx="-123.03149606299" originy="-123.03149606299" endx="-123.03149606299" endy="123.03149606299" width="1.9685039370079" />
    <line layer="TOP_ASSEMBLY" originx="-98.425196850392" originy="98.425196850392" endx="98.425196850392" endy="98.425196850392" width="3.9370078740157" />
    <line layer="TOP_ASSEMBLY" originx="98.425196850392" originy="98.425196850392" endx="98.425196850392" endy="-98.425196850392" width="3.9370078740157" />
    <line layer="TOP_ASSEMBLY" originx="98.425196850392" originy="-98.425196850392" endx="-98.425196850392" endy="-98.425196850392" width="3.9370078740157" />
    <line layer="TOP_ASSEMBLY" originx="-98.425196850392" originy="-98.425196850392" endx="-98.425196850392" endy="98.425196850392" width="3.9370078740157" />
    <line layer="TOP_ASSEMBLY" originx="-98.425196850392" originy="78.740157480314" endx="-78.740157480314" endy="98.425196850392" width="3.9370078740157" />
    <arc layer="TOP_SILKSCREEN" originx="-114.17322834646" originy="98.425196850392" startangle="180" sweepangle="180" radius="4.9212598425196" width="9.8425196850392" />
    <arc layer="TOP_SILKSCREEN" originx="-114.17322834646" originy="98.425196850392" startangle="180" sweepangle="-180" radius="4.9212598425196" width="9.8425196850392" />
  </footprint>
  <symbol name="ESP8266_NODEMCU" originx="0" originy="0">
    <line originx="200" originy="600" endx="1400" endy="600" width="0" />
    <line originx="1400" originy="-1300" endx="1400" endy="600" width="0" />
    <line originx="1400" originy="-1300" endx="200" endy="-1300" width="0" />
    <line originx="200" originy="600" endx="200" endy="-1300" width="0" />
    <sympin number="1" originx="200" originy="0" rotation="180" length="100" width="7.8740157480315" flipped="False">
      <text name="pinname" originx="230" originy="0" style="Default" rotation="0" justify="left" flipped="False" hidden="False" data="VDDA_1" />
      <text name="pindes" originx="140" originy="20" style="Default" rotation="0" justify="lowerright" flipped="False" hidden="False" data="1" />
    </sympin>
    <sympin number="2" originx="200" originy="-100" rotation="180" length="100" width="7.8740157480315" flipped="False">
      <text name="pinname" originx="230" originy="-100" style="Default" rotation="0" justify="left" flipped="False" hidden="False" data="LNA" />
      <text name="pindes" originx="140" originy="-80" style="Default" rotation="0" justify="lowerright" flipped="False" hidden="False" data="2" />
    </sympin>
    <sympin number="3" originx="200" originy="-200" rotation="180" length="100" width="7.8740157480315" flipped="False">
      <text name="pinname" originx="230" originy="-200" style="Default" rotation="0" justify="left" flipped="False" hidden="False" data="VDD3P3_1" />
      <text name="pindes" originx="140" originy="-180" style="Default" rotation="0" justify="lowerright" flipped="False" hidden="False" data="3" />
    </sympin>
    <sympin number="4" originx="200" originy="-300" rotation="180" length="100" width="7.8740157480315" flipped="False">
      <text name="pinname" originx="230" originy="-300" style="Default" rotation="0" justify="left" flipped="False" hidden="False" data="VDD3P3_2" />
      <text name="pindes" originx="140" originy="-280" style="Default" rotation="0" justify="lowerright" flipped="False" hidden="False" data="4" />
    </sympin>
    <sympin number="5" originx="200" originy="-400" rotation="180" length="100" width="7.8740157480315" flipped="False">
      <text name="pinname" originx="230" originy="-400" style="Default" rotation="0" justify="left" flipped="False" hidden="False" data="VDD_RTC" />
      <text name="pindes" originx="140" originy="-380" style="Default" rotation="0" justify="lowerright" flipped="False" hidden="False" data="5" />
    </sympin>
    <sympin number="6" originx="200" originy="-500" rotation="180" length="100" width="7.8740157480315" flipped="False">
      <text name="pinname" originx="230" originy="-500" style="Default" rotation="0" justify="left" flipped="False" hidden="False" data="TOUT" />
      <text name="pindes" originx="140" originy="-480" style="Default" rotation="0" justify="lowerright" flipped="False" hidden="False" data="6" />
    </sympin>
    <sympin number="7" originx="200" originy="-600" rotation="180" length="100" width="7.8740157480315" flipped="False">
      <text name="pinname" originx="230" originy="-600" style="Default" rotation="0" justify="left" flipped="False" hidden="False" data="CHIP_EN" />
      <text name="pindes" originx="140" originy="-580" style="Default" rotation="0" justify="lowerright" flipped="False" hidden="False" data="7" />
    </sympin>
    <sympin number="8" originx="200" originy="-700" rotation="180" length="100" width="7.8740157480315" flipped="False">
      <text name="pinname" originx="230" originy="-700" style="Default" rotation="0" justify="left" flipped="False" hidden="False" data="XDP_DCDC" />
      <text name="pindes" originx="140" originy="-680" style="Default" rotation="0" justify="lowerright" flipped="False" hidden="False" data="8" />
    </sympin>
    <sympin number="9" originx="400" originy="-1300" rotation="270" length="100" width="7.8740157480315" flipped="False">
      <text name="pinname" originx="400" originy="-1270" style="Default" rotation="0" justify="left" flipped="False" hidden="False" data="MTMS" />
      <text name="pindes" originx="380" originy="-1360" style="Default" rotation="0" justify="lowerright" flipped="False" hidden="False" data="9" />
    </sympin>
    <sympin number="10" originx="500" originy="-1300" rotation="270" length="100" width="7.8740157480315" flipped="False">
      <text name="pinname" originx="500" originy="-1270" style="Default" rotation="0" justify="left" flipped="False" hidden="False" data="MTDI" />
      <text name="pindes" originx="480" originy="-1360" style="Default" rotation="0" justify="lowerright" flipped="False" hidden="False" data="10" />
    </sympin>
    <sympin number="11" originx="600" originy="-1300" rotation="270" length="100" width="7.8740157480315" flipped="False">
      <text name="pinname" originx="600" originy="-1270" style="Default" rotation="0" justify="left" flipped="False" hidden="False" data="VDDPST_1" />
      <text name="pindes" originx="580" originy="-1360" style="Default" rotation="0" justify="lowerright" flipped="False" hidden="False" data="11" />
    </sympin>
    <sympin number="12" originx="700" originy="-1300" rotation="270" length="100" width="7.8740157480315" flipped="False">
      <text name="pinname" originx="700" originy="-1270" style="Default" rotation="0" justify="left" flipped="False" hidden="False" data="MTCK" />
      <text name="pindes" originx="680" originy="-1360" style="Default" rotation="0" justify="lowerright" flipped="False" hidden="False" data="12" />
    </sympin>
    <sympin number="13" originx="800" originy="-1300" rotation="270" length="100" width="7.8740157480315" flipped="False">
      <text name="pinname" originx="800" originy="-1270" style="Default" rotation="0" justify="left" flipped="False" hidden="False" data="MTDO" />
      <text name="pindes" originx="780" originy="-1360" style="Default" rotation="0" justify="lowerright" flipped="False" hidden="False" data="13" />
    </sympin>
    <sympin number="14" originx="900" originy="-1300" rotation="270" length="100" width="7.8740157480315" flipped="False">
      <text name="pinname" originx="900" originy="-1270" style="Default" rotation="0" justify="left" flipped="False" hidden="False" data="GPIO2" />
      <text name="pindes" originx="880" originy="-1360" style="Default" rotation="0" justify="lowerright" flipped="False" hidden="False" data="14" />
    </sympin>
    <sympin number="15" originx="1000" originy="-1300" rotation="270" length="100" width="7.8740157480315" flipped="False">
      <text name="pinname" originx="1000" originy="-1270" style="Default" rotation="0" justify="left" flipped="False" hidden="False" data="GPIO0" />
      <text name="pindes" originx="980" originy="-1360" style="Default" rotation="0" justify="lowerright" flipped="False" hidden="False" data="15" />
    </sympin>
    <sympin number="16" originx="1100" originy="-1300" rotation="270" length="100" width="7.8740157480315" flipped="False">
      <text name="pinname" originx="1100" originy="-1270" style="Default" rotation="0" justify="left" flipped="False" hidden="False" data="GPIO4" />
      <text name="pindes" originx="1080" originy="-1360" style="Default" rotation="0" justify="lowerright" flipped="False" hidden="False" data="16" />
    </sympin>
    <sympin number="24" originx="1400" originy="0" rotation="0" length="100" width="7.8740157480315" flipped="False">
      <text name="pinname" originx="1370" originy="0" style="Default" rotation="0" justify="right" flipped="False" hidden="False" data="GPIO5" />
      <text name="pindes" originx="1460" originy="20" style="Default" rotation="0" justify="lowerleft" flipped="False" hidden="False" data="24" />
    </sympin>
    <sympin number="23" originx="1400" originy="-100" rotation="0" length="100" width="7.8740157480315" flipped="False">
      <text name="pinname" originx="1370" originy="-100" style="Default" rotation="0" justify="right" flipped="False" hidden="False" data="SD_DATA_1" />
      <text name="pindes" originx="1460" originy="-80" style="Default" rotation="0" justify="lowerleft" flipped="False" hidden="False" data="23" />
    </sympin>
    <sympin number="22" originx="1400" originy="-200" rotation="0" length="100" width="7.8740157480315" flipped="False">
      <text name="pinname" originx="1370" originy="-200" style="Default" rotation="0" justify="right" flipped="False" hidden="False" data="SD_DATA_0" />
      <text name="pindes" originx="1460" originy="-180" style="Default" rotation="0" justify="lowerleft" flipped="False" hidden="False" data="22" />
    </sympin>
    <sympin number="21" originx="1400" originy="-300" rotation="0" length="100" width="7.8740157480315" flipped="False">
      <text name="pinname" originx="1370" originy="-300" style="Default" rotation="0" justify="right" flipped="False" hidden="False" data="SD_CLK" />
      <text name="pindes" originx="1460" originy="-280" style="Default" rotation="0" justify="lowerleft" flipped="False" hidden="False" data="21" />
    </sympin>
    <sympin number="20" originx="1400" originy="-400" rotation="0" length="100" width="7.8740157480315" flipped="False">
      <text name="pinname" originx="1370" originy="-400" style="Default" rotation="0" justify="right" flipped="False" hidden="False" data="SD_CMD" />
      <text name="pindes" originx="1460" originy="-380" style="Default" rotation="0" justify="lowerleft" flipped="False" hidden="False" data="20" />
    </sympin>
    <sympin number="19" originx="1400" originy="-500" rotation="0" length="100" width="7.8740157480315" flipped="False">
      <text name="pinname" originx="1370" originy="-500" style="Default" rotation="0" justify="right" flipped="False" hidden="False" data="SD_DATA_3" />
      <text name="pindes" originx="1460" originy="-480" style="Default" rotation="0" justify="lowerleft" flipped="False" hidden="False" data="19" />
    </sympin>
    <sympin number="18" originx="1400" originy="-600" rotation="0" length="100" width="7.8740157480315" flipped="False">
      <text name="pinname" originx="1370" originy="-600" style="Default" rotation="0" justify="right" flipped="False" hidden="False" data="SD_DATA_2" />
      <text name="pindes" originx="1460" originy="-580" style="Default" rotation="0" justify="lowerleft" flipped="False" hidden="False" data="18" />
    </sympin>
    <sympin number="17" originx="1400" originy="-700" rotation="0" length="100" width="7.8740157480315" flipped="False">
      <text name="pinname" originx="1370" originy="-700" style="Default" rotation="0" justify="right" flipped="False" hidden="False" data="VDDPST_2" />
      <text name="pindes" originx="1460" originy="-680" style="Default" rotation="0" justify="lowerleft" flipped="False" hidden="False" data="17" />
    </sympin>
    <sympin number="33" originx="400" originy="600" rotation="90" length="100" width="7.8740157480315" flipped="False">
      <text name="pinname" originx="400" originy="570" style="Default" rotation="0" justify="right" flipped="False" hidden="False" data="GND" />
      <text name="pindes" originx="380" originy="660" style="Default" rotation="0" justify="lowerleft" flipped="False" hidden="False" data="33" />
    </sympin>
    <sympin number="32" originx="500" originy="600" rotation="90" length="100" width="7.8740157480315" flipped="False">
      <text name="pinname" originx="500" originy="570" style="Default" rotation="0" justify="right" flipped="False" hidden="False" data="EXT_RSTB" />
      <text name="pindes" originx="480" originy="660" style="Default" rotation="0" justify="lowerleft" flipped="False" hidden="False" data="32" />
    </sympin>
    <sympin number="31" originx="600" originy="600" rotation="90" length="100" width="7.8740157480315" flipped="False">
      <text name="pinname" originx="600" originy="570" style="Default" rotation="0" justify="right" flipped="False" hidden="False" data="RES12K" />
      <text name="pindes" originx="580" originy="660" style="Default" rotation="0" justify="lowerleft" flipped="False" hidden="False" data="31" />
    </sympin>
    <sympin number="30" originx="700" originy="600" rotation="90" length="100" width="7.8740157480315" flipped="False">
      <text name="pinname" originx="700" originy="570" style="Default" rotation="0" justify="right" flipped="False" hidden="False" data="VDDA_2" />
      <text name="pindes" originx="680" originy="660" style="Default" rotation="0" justify="lowerleft" flipped="False" hidden="False" data="30" />
    </sympin>
    <sympin number="29" originx="800" originy="600" rotation="90" length="100" width="7.8740157480315" flipped="False">
      <text name="pinname" originx="800" originy="570" style="Default" rotation="0" justify="right" flipped="False" hidden="False" data="VDDD" />
      <text name="pindes" originx="780" originy="660" style="Default" rotation="0" justify="lowerleft" flipped="False" hidden="False" data="29" />
    </sympin>
    <sympin number="28" originx="900" originy="600" rotation="90" length="100" width="7.8740157480315" flipped="False">
      <text name="pinname" originx="900" originy="570" style="Default" rotation="0" justify="right" flipped="False" hidden="False" data="XTAL_IN" />
      <text name="pindes" originx="880" originy="660" style="Default" rotation="0" justify="lowerleft" flipped="False" hidden="False" data="28" />
    </sympin>
    <sympin number="27" originx="1000" originy="600" rotation="90" length="100" width="7.8740157480315" flipped="False">
      <text name="pinname" originx="1000" originy="570" style="Default" rotation="0" justify="right" flipped="False" hidden="False" data="XTAL_OUT" />
      <text name="pindes" originx="980" originy="660" style="Default" rotation="0" justify="lowerleft" flipped="False" hidden="False" data="27" />
    </sympin>
    <sympin number="26" originx="1100" originy="600" rotation="90" length="100" width="7.8740157480315" flipped="False">
      <text name="pinname" originx="1100" originy="570" style="Default" rotation="0" justify="right" flipped="False" hidden="False" data="U0TXD" />
      <text name="pindes" originx="1080" originy="660" style="Default" rotation="0" justify="lowerleft" flipped="False" hidden="False" data="26" />
    </sympin>
    <sympin number="25" originx="1200" originy="600" rotation="90" length="100" width="7.8740157480315" flipped="False">
      <text name="pinname" originx="1200" originy="570" style="Default" rotation="0" justify="right" flipped="False" hidden="False" data="U0RXD" />
      <text name="pindes" originx="1180" originy="660" style="Default" rotation="0" justify="lowerleft" flipped="False" hidden="False" data="25" />
    </sympin>
  </symbol>
  <component name="ESP8266_NODEMCU" designatorprefix="IC" height="35.433070866141" footprint="QFN50P500X500X90-33N">
    <comppin designator="1" sympin="1" pinswap="0" gateswap="0" gate="1" group="1" side="" type="Any" name="VDDA_1" />
    <comppin designator="2" sympin="2" pinswap="0" gateswap="0" gate="1" group="1" side="" type="Any" name="LNA" />
    <comppin designator="3" sympin="3" pinswap="0" gateswap="0" gate="1" group="1" side="" type="Any" name="VDD3P3_1" />
    <comppin designator="4" sympin="4" pinswap="0" gateswap="0" gate="1" group="1" side="" type="Any" name="VDD3P3_2" />
    <comppin designator="5" sympin="5" pinswap="0" gateswap="0" gate="1" group="1" side="" type="Any" name="VDD_RTC" />
    <comppin designator="6" sympin="6" pinswap="0" gateswap="0" gate="1" group="1" side="" type="Any" name="TOUT" />
    <comppin designator="7" sympin="7" pinswap="0" gateswap="0" gate="1" group="1" side="" type="Any" name="CHIP_EN" />
    <comppin designator="8" sympin="8" pinswap="0" gateswap="0" gate="1" group="1" side="" type="Any" name="XDP_DCDC" />
    <comppin designator="9" sympin="9" pinswap="0" gateswap="0" gate="1" group="1" side="" type="Any" name="MTMS" />
    <comppin designator="10" sympin="10" pinswap="0" gateswap="0" gate="1" group="1" side="" type="Any" name="MTDI" />
    <comppin designator="11" sympin="11" pinswap="0" gateswap="0" gate="1" group="1" side="" type="Any" name="VDDPST_1" />
    <comppin designator="12" sympin="12" pinswap="0" gateswap="0" gate="1" group="1" side="" type="Any" name="MTCK" />
    <comppin designator="13" sympin="13" pinswap="0" gateswap="0" gate="1" group="1" side="" type="Any" name="MTDO" />
    <comppin designator="14" sympin="14" pinswap="0" gateswap="0" gate="1" group="1" side="" type="Any" name="GPIO2" />
    <comppin designator="15" sympin="15" pinswap="0" gateswap="0" gate="1" group="1" side="" type="Any" name="GPIO0" />
    <comppin designator="16" sympin="16" pinswap="0" gateswap="0" gate="1" group="1" side="" type="Any" name="GPIO4" />
    <comppin designator="17" sympin="17" pinswap="0" gateswap="0" gate="1" group="1" side="" type="Any" name="VDDPST_2" />
    <comppin designator="18" sympin="18" pinswap="0" gateswap="0" gate="1" group="1" side="" type="Any" name="SD_DATA_2" />
    <comppin designator="19" sympin="19" pinswap="0" gateswap="0" gate="1" group="1" side="" type="Any" name="SD_DATA_3" />
    <comppin designator="20" sympin="20" pinswap="0" gateswap="0" gate="1" group="1" side="" type="Any" name="SD_CMD" />
    <comppin designator="21" sympin="21" pinswap="0" gateswap="0" gate="1" group="1" side="" type="Any" name="SD_CLK" />
    <comppin designator="22" sympin="22" pinswap="0" gateswap="0" gate="1" group="1" side="" type="Any" name="SD_DATA_0" />
    <comppin designator="23" sympin="23" pinswap="0" gateswap="0" gate="1" group="1" side="" type="Any" name="SD_DATA_1" />
    <comppin designator="24" sympin="24" pinswap="0" gateswap="0" gate="1" group="1" side="" type="Any" name="GPIO5" />
    <comppin designator="25" sympin="25" pinswap="0" gateswap="0" gate="1" group="1" side="" type="Any" name="U0RXD" />
    <comppin designator="26" sympin="26" pinswap="0" gateswap="0" gate="1" group="1" side="" type="Any" name="U0TXD" />
    <comppin designator="27" sympin="27" pinswap="0" gateswap="0" gate="1" group="1" side="" type="Any" name="XTAL_OUT" />
    <comppin designator="28" sympin="28" pinswap="0" gateswap="0" gate="1" group="1" side="" type="Any" name="XTAL_IN" />
    <comppin designator="29" sympin="29" pinswap="0" gateswap="0" gate="1" group="1" side="" type="Any" name="VDDD" />
    <comppin designator="30" sympin="30" pinswap="0" gateswap="0" gate="1" group="1" side="" type="Any" name="VDDA_2" />
    <comppin designator="31" sympin="31" pinswap="0" gateswap="0" gate="1" group="1" side="" type="Any" name="RES12K" />
    <comppin designator="32" sympin="32" pinswap="0" gateswap="0" gate="1" group="1" side="" type="Any" name="EXT_RSTB" />
    <comppin designator="33" sympin="33" pinswap="0" gateswap="0" gate="1" group="1" side="" type="Any" name="GND" />
    <attached_symbol gate="1" name="ESP8266_NODEMCU" />
    <pinmap designator="1" footprintpin="1" />
    <pinmap designator="2" footprintpin="2" />
    <pinmap designator="3" footprintpin="3" />
    <pinmap designator="4" footprintpin="4" />
    <pinmap designator="5" footprintpin="5" />
    <pinmap designator="6" footprintpin="6" />
    <pinmap designator="7" footprintpin="7" />
    <pinmap designator="8" footprintpin="8" />
    <pinmap designator="9" footprintpin="9" />
    <pinmap designator="10" footprintpin="10" />
    <pinmap designator="11" footprintpin="11" />
    <pinmap designator="12" footprintpin="12" />
    <pinmap designator="13" footprintpin="13" />
    <pinmap designator="14" footprintpin="14" />
    <pinmap designator="15" footprintpin="15" />
    <pinmap designator="16" footprintpin="16" />
    <pinmap designator="17" footprintpin="17" />
    <pinmap designator="18" footprintpin="18" />
    <pinmap designator="19" footprintpin="19" />
    <pinmap designator="20" footprintpin="20" />
    <pinmap designator="21" footprintpin="21" />
    <pinmap designator="22" footprintpin="22" />
    <pinmap designator="23" footprintpin="23" />
    <pinmap designator="24" footprintpin="24" />
    <pinmap designator="25" footprintpin="25" />
    <pinmap designator="26" footprintpin="26" />
    <pinmap designator="27" footprintpin="27" />
    <pinmap designator="28" footprintpin="28" />
    <pinmap designator="29" footprintpin="29" />
    <pinmap designator="30" footprintpin="30" />
    <pinmap designator="31" footprintpin="31" />
    <pinmap designator="32" footprintpin="32" />
    <pinmap designator="33" footprintpin="33" />
    <text name="Datasheet" originx="0" originy="0" style="Default" rotation="0" justify="" flipped="False" hidden="True" data="https://www.alldatasheet.com/datasheet-pdf/pdf/1148030/ESPRESSIF/ESP8266EX.html" />
    <text name="Description" originx="0" originy="0" style="Default" rotation="0" justify="" flipped="False" hidden="True" data="32-bit MCU &amp; 2.4 GHz Wi-Fi SoCs" />
    <text name="Manufacturer_Name" originx="0" originy="0" style="Default" rotation="0" justify="" flipped="False" hidden="True" data="Espressif Systems" />
    <text name="Manufacturer_Part_Number" originx="1450" originy="700" style="Default" rotation="0" justify="left" flipped="False" hidden="False" data="ESP8266 NodeMCU" />
    <text name="Mouser Part Number" originx="0" originy="0" style="Default" rotation="0" justify="" flipped="False" hidden="True" data="" />
    <text name="Mouser Price/Stock" originx="0" originy="0" style="Default" rotation="0" justify="" flipped="False" hidden="True" data="" />
    <text name="Arrow Part Number" originx="0" originy="0" style="Default" rotation="0" justify="" flipped="False" hidden="True" data="" />
    <text name="Arrow Price/Stock" originx="0" originy="0" style="Default" rotation="0" justify="" flipped="False" hidden="True" data="" />
  </component>
</quadcept_library>
